piano, guitar, violin, saxophone, ate nicole, chloe, kuya rommel, kuya robert,
tito gian, ngngs dad, tyung jack, twin towers, australia, africa, asia,
tsunami, college student, high school, kevin nguyen, arf, yarb,
avatar the last airbender, graveyard, monster, kulam, homer simpson, mario,
spongebob, squidward, patrick, mariah carey, lola ba, one direction, bts,
cherone, ngng, justin, kuya amey, thirdy, raniel, kiko, kiara, allison,
steve, geico, tropical, school shooter, hitler, obama, trump,
michelle obama, kuya alek, bart simpson, minnie mouse, hello kitty,
ariana grande, krunkerio, skribblio, electric fan, philippines, queen, king,
dinosaur, pennywise, dragon, turtle, charmander, pikachu, charizard,
squirtle, penguin, giraffe, fortnite, fork, spoon, pillow, airplane,
spaghetti, pineapple, apple, tomato, computer, keyboard
